{"cameraMode":{"drawMode":0,"name":"Shaded","section":"Shading Mode"},"sceneLighting":true,"audioPlay":false,"sceneViewState":{"showFog":true,"showMaterialUpdate":false,"showSkybox":true,"showFlares":true,"showImageEffects":true,"showParticleSystems":true},"in2DMode":false,"pivot":{"x":0.0664631724357605,"y":-1.9645233154296876,"z":-0.3828153610229492},"rotation":{"x":-0.10326412320137024,"y":0.031326211988925937,"z":-0.0032538860104978086,"w":-0.99415522813797},"size":20.172168731689454,"orthographic":false}